City,Avg NOI,NOI Std Dev,Avg Vacancy,Vacancy Std Dev,Avg Rent CAGR,Rent CAGR Std Dev,Avg Expense Ratio,Expense Ratio Std Dev,Avg Equity Reversion,Equity Reversion Std Dev
Fairview,906158.6619292028,385123.85331747745,0.09857040262353453,0.030002110837918546,0.05000000000000018,6.064228724348423e-16,0.5737148502039826,0.042550076605594636,26286503.385046303,2206513.378083747
New Hope,1108207.0930712603,481472.9034917456,0.10177770886394187,0.028255138850093744,0.0600000000000001,6.259069638697088e-16,0.5048274336408402,0.04398382730880625,21112781.089610662,1909079.493653864
Springfield,962399.450142637,413986.9811773363,0.10079559503651692,0.028981365249548845,0.010000000000000064,5.554911194396479e-16,0.520127293251017,0.043443966171823854,31519200.988310516,2398444.913698898
