Avg Studio Rent,Avg 1-Bedroom Rent,Avg Vacancy Rate,Avg Expense Ratio
1832.1301230565532,2564.9821722791767,0.10010535900015742,0.5026306788177303
