Class,Avg Vacancy Rate,Vacancy Std Dev,Avg Rent CAGR,Rent CAGR Std Dev,Avg Expense Ratio,Expense Ratio Std Dev,Avg NOI
A,0.1054378092757088,0.023084229170922402,0.060000000000000095,2.9988472929190183e-16,0.501081886304971,0.042546699701504404,1541548.139219491
B,0.1001053590001574,0.03124950471060724,0.06000000000000016,4.835416344059284e-16,0.5026306788177303,0.04541728104956046,1160120.004538736
C,0.10105840164062774,0.027580452613653862,0.06000000000000001,9.249862421007999e-16,0.5112954817391545,0.04264232584513888,656505.9162571623
